tweet_id,check_worthiness,tweet_text,reasoning,MISTRAL_7B_INSTRUCT standard zeroshot_prediction,MISTRAL_7B_INSTRUCT standard fewshot_prediction,MISTRAL_7B_INSTRUCT CoT zeroshot_prediction,MIXTRAL_INSTRUCT standard zeroshot_prediction,MIXTRAL_INSTRUCT standard fewshot_prediction,MIXTRAL_INSTRUCT CoT zeroshot_prediction,MISTRAL_7B_INSTRUCT LORA_prediction
1235355704753557505,0,Have spoken w readers who have elderly relatives who are resisting social distancing precautions because they've heard on Fox News that COVID-19 is overhyped; hospital doctor in red state who says she assumes it must not be that serious since prep is so much less than for H1N1.," {""score"": 85, ""reasoning"": ""The tweet contains claims about the perceived seriousness of COVID-19 based on information from Fox News and a hospital doctor's assumptions in a red state. These claims can be fact-checked by verifying the accuracy of the information being spread on Fox",1.0,1.0,1.0,1.0,1.0,1.0,1.0
1236987681088757760,0,#breakingnews The Ministry of Health today announced that Brunei registered its first positive COVID-19 case. The patient is a 53-year old man who returned to Brunei from Kuala Lumpur on March 3 2020 with three other friends. #borneobulletin More details soon.," {""score"": 100, ""reasoning"": ""The tweet contains a verifiable factual claim about a new COVID-19 case in Brunei, including the age and recent travel history of the patient. This information is important and could have a significant impact on the public, so it is",1.0,1.0,1.0,1.0,1.0,1.0,1.0
1235703439688175618,0,‚ö†Ô∏èA nurse‚Äîexposed to #coronavirus and SICK in quarantine‚Äîhammers @CDCgov for initially REFUSING and then delaying #COVID19 testing.  ‚ÄúWhat a ridiculous and uneducated response...it‚Äôs a public health emergency.‚Äù  h/t @Iam_BrookeSmith @NationalNurses https://t.co/DXvzVzYfLs," {""score"": 85, ""reasoning"": ""The tweet contains a claim about the CDC's initial response and delay in COVID-19 testing, which is a verifiable factual claim. The tweet also expresses the opinion of a nurse who was exposed to the virus and sick in",1.0,1.0,1.0,1.0,1.0,1.0,1.0
1236047842776698881,0,"ALERT: The @FTC is warning the public about scammers selling fake cures &amp; treatments, &amp; asking for donations for #COVID19 patients.  üö® There is NO CURE for the novel #Coronavius. üö® Donating to strangers is risky.  Read &amp; share these tips to avoid #scams: https://t.co/jecq5wyRC6"," {""score"": 100, ""reasoning"": ""The tweet contains factual information that there is no cure for COVID-19 and warns against donating to strangers, which could prevent harm to the public. The information is important and could have a significant impact on people's actions during the",1.0,1.0,1.0,1.0,1.0,1.0,1.0
1367454131636604943,0,@DWUhlfelderLaw Oh but with a big enough $$ donation to DeSantis re-election campaign you‚Äôll get the vaccine for you and your friends! https://t.co/hzXnvdihsC," {""score"": 80, ""reasoning"": ""This tweet contains a factual claim about the possibility of receiving the vaccine through a donation to the DeSantis re-election campaign. While it is important to note that this claim may require additional context and verification, it is not necessarily false and",1.0,1.0,1.0,1.0,1.0,1.0,1.0
1237543113591107585,0,"A friend got suddenly sick after flying, with all the #coronavirus symptoms. He called the hotline in NYC and was told in order to even *find out where to get tested,* he has to have ALL of these: 1) cough too uncontrollable to speak 2) difficulty breathing and 3) fever &gt; 102"," {""score"": 80, ""reasoning"": ""The tweet contains a claim about the testing process for coronavirus in NYC, which could have an impact on the general public if the information is false. The claim seems to suggest that a person needs to have severe symptoms (cough uncontrollable",1.0,1.0,1.0,1.0,1.0,1.0,1.0
1242414406203371520,0,"Trigger warning. This man was too afraid he‚Äôd infect his family and thought he wouldn‚Äôt get proper treatment because they‚Äôre poor so he just took his own life. THE GOVERNMENT NEEDS TO ASSURE FILIPINOS THAT WHEN THEY GOT THE VIRUS, THEY CAN GO TO A HOSPITAL &amp; BE TREATED FOR FREE!"," {""score"": 80, ""reasoning"": ""The tweet contains a claim about the government's policy regarding free hospital treatment for Filipinos who contract the virus. This is a verifiable factual claim that could have a significant impact on the public, especially those who are poor and fear contracting the",1.0,1.0,1.0,1.0,1.0,1.0,1.0
1235941267047174150,0,Denyin‚Äô tests to coronavirus victims to help your approval numbers should be considered attempted murder. https://t.co/eTzEizz8O7," {""score"": 100, ""reasoning"": ""This statement is not only factually incorrect but also harmful and inflammatory. It falsely accuses individuals or organizations of committing a serious crime, which could have significant negative consequences. Therefore, it is important for professional fact-checkers to",1.0,1.0,1.0,1.0,1.0,1.0,1.0
1353183744291528704,0,Manufacturers must reveal crucial information about how COVID vaccine works It's possible that significant information that may be used to predict obvious potential short-term and long-term risks from the COVID-19 vaccines is being covered up. https://t.co/9MzHogqpZM," {""score"": 80, ""reasoning"": ""The tweet contains a claim about manufacturers withholding crucial information about COVID-19 vaccines, which could have an impact on public health and safety. This claim, if false, could potentially harm individuals by discouraging vaccine uptake or causing unnecessary",1.0,1.0,1.0,1.0,1.0,1.0,1.0
1237138362261258244,0,"Why is CDC's data on US cases lagging behind other entities (including WHO)? Why are we only learning from the AP about a reported CDC recommendation that older Americans not fly, and that the White House blocked CDC from publicizing that recommendation? https://t.co/6j1Cael8ZR"," {""score"": 85, ""reasoning"": ""The tweet contains multiple factual claims that require verification: 1) Why is CDC's data on US cases lagging behind other entities? 2) Why were older Americans not publicly advised by the CDC not to fly, and why was",1.0,1.0,1.0,1.0,1.0,1.0,1.0
1237124933211348992,0,"Italy üáÆüáπ üî¥ 60 million people put under lockdown. ü¶† More than 9,000 cases reported (It was 231 two weeks ago) üèüÔ∏è All sporting events suspended. üè´üéì All schools, universities closed. üé≠üèãÔ∏èüåÜ Theatres, gyms, bars, funerals and weddings barred. Unprecedented. #coronavirus"," {""score"": 100, ""reasoning"": ""The tweet contains multiple verifiable factual claims about the current situation of COVID-19 in Italy, including the number of people under lockdown, the increase in reported cases, and the suspension of various events and closures of institutions. These claims",1.0,1.0,1.0,1.0,1.0,1.0,1.0
1241356310555361280,0,"FOX News put their viewers at risk by making them believe the COVID-19 pandemic was a hoax. Those viewers then put the entire US population at risk, and many people have lost their lives. FOX News should face a class action lawsuit to hold them responsible. #FOXClassAction"," {""score"": 85, ""reasoning"": ""The tweet contains a factual claim that FOX News put their viewers at risk by spreading the belief that the COVID-19 pandemic was a hoax. This claim can be verified by checking news reports and studies on the impact of FOX News'",1.0,1.0,1.0,1.0,1.0,1.0,1.0
1241117279556902914,0,A message from the Ministry of Information ‚ÄúThe General Public is hereby urged to disregard any voice note circulating on WhatsApp that a helicopter will spray ‚Äòantivirus‚Äô throughout the Nation by 11:00 pm. This news is fake and should be disregarded in its entirety.‚Äù RT #COVID19," {""score"": 100, ""reasoning"": ""The tweet contains a clear statement from an official source, the Ministry of Information, advising the public to disregard fake news about a helicopter spraying 'antivirus' throughout the nation. This type of claim has the potential to cause",1.0,1.0,1.0,1.0,1.0,1.0,1.0
1367232803071422464,0,"Dear Moms: For the love of God and family, do NOT let anyone jab your babies with the experimental COVID-19 vaccines. https://t.co/0LIZf4drgq"," {""score"": 85, ""reasoning"": ""This tweet contains a claim that could have a significant impact on public health, as it advises against getting the COVID-19 vaccine for babies. The claim is not necessarily false, as the vaccines are indeed experimental for this age group, but the",1.0,1.0,1.0,1.0,1.0,1.0,1.0
1370368951272800258,0,"RFK Jr.'s anti-vaccination film doesn‚Äôt offer any evidence that COVID-19 vaccines are harmful. Instead, it misrepresents various scientific studies and suggests that the medical establishment can‚Äôt be trusted. #scicheck https://t.co/uGRDJGuH3O"," {""score"": 100, ""reasoning"": ""The tweet contains a factual claim about RFK Jr.'s anti-vaccination film not offering any evidence that COVID-19 vaccines are harmful. It also mentions the misrepresentation of scientific studies and the suggestion that the medical",1.0,1.0,1.0,1.0,1.0,1.0,1.0
1371107611584696322,0,BREAKING NEWS: Ireland suspends with immediate effect from today 14th March 2021 the COVID-19 vaccination with Oxford-AstraZeneca vaccine. Denmark and Norway have also suspended the use of COVID-19 vaccines.," {""score"": 100, ""reasoning"": ""The tweet contains verifiable factual claims about countries suspending the use of a specific COVID-19 vaccine. This information could have a significant impact on the public, potentially causing confusion or fear, and therefore should be verified by professional fact-check",1.0,1.0,1.0,1.0,1.0,1.0,1.0
1235409660104015873,0,"Trump to Hannity on WHO saying coronavirus death rate is 3.4%: ""I think the 3.4% number is really a false number. Now this is just my hunch, but based on a lot of conversations ... personally, I'd say the number is way under 1%.""  Astoundingly irresponsible. <link>"," {""score"": 90, ""reasoning"": ""The tweet contains a verifiable factual claim about the coronavirus death rate mentioned by Trump and his personal opinion on the matter. This claim can be fact-checked by comparing it to reliable sources such as the World Health Organization (WHO) or Cent",1.0,1.0,1.0,1.0,1.0,1.0,1.0
1235375867917930498,0,"Tonight, Acting Governor  @LtGovOliver  and I are announcing the first presumptive positive case of novel coronavirus, or #COVID19, in New Jersey. The individual, a male in his 30s, is hospitalized in Bergen County and has been hospitalized since March 3rd. <link>"," {""score"": 100, ""reasoning"": ""The tweet contains a verifiable factual claim about the first presumptive positive case of COVID-19 in New Jersey, including the location, age, and hospitalization status of the individual. This information could have a significant impact on the public",1.0,1.0,1.0,1.0,1.0,1.0,1.0
